geography,Viktor,3,31.01.2021
geography,Sasha,4,31.01.2021
geography,Dany,2,31.01.2021
geography,Dima,4,31.01.2021
geography,Gleb,4,31.01.2021
geography,Gosha,1,31.01.2021
geography,Marat,5,31.01.2021
geography,Sergj,4,31.01.2021
physic,Viktor,5,31.01.2021
physic,Sasha,4,31.01.2021
physic,Dany,1,31.01.2021
physic,Dima,5,31.01.2021
physic,Gleb,4,31.01.2021
physic,Gosha,2,31.01.2021
physic,Marat,5,31.01.2021
physic,Sergj,3,31.01.2021
physic,Viktor,5,30.01.2021
physic,Sasha,5,30.01.2021
physic,Dany,3,30.01.2021
physic,Dima,5,30.01.2021
physic,Gleb,3,30.01.2021
physic,Gosha,3,30.01.2021
physic,Marat,5,30.01.2021
physic,Sergj,4,30.01.2021
literature,Viktor,3,31.01.2021
literature,Sasha,4,31.01.2021
literature,Dany,5,31.01.2021
literature,Dima,3,31.01.2021
literature,Gleb,3,31.01.2021
literature,Gosha,2,31.01.2021
literature,Marat,4,31.01.2021
literature,Sergj,4,31.01.2021
russian,Viktor,2,30.01.2021
russian,Sasha,4,30.01.2021
russian,Dany,5,30.01.2021
russian,Dima,3,30.01.2021
russian,Gleb,3,30.01.2021
russian,Gosha,2,30.01.2021
russian,Marat,4,30.01.2021
russian,Sergj,4,30.01.2021
english,Viktor,2,30.01.2021
english,Sasha,4,30.01.2021
english,Dany,2,30.01.2021
english,Dima,5,30.01.2021
english,Gleb,3,30.01.2021
english,Gosha,2,30.01.2021
english,Marat,4,30.01.2021
english,Sergj,4,30.01.2021